Info,Version=1.0.0,Template=fx_category_template_EBAY_US
*Action(SiteID=US|Country=US|Currency=USD|Version=1193|CC=UTF-8),CustomLabel,*Category,StoreCategory,*Title,Subtitle,Relationship,RelationshipDetails,ScheduleTime,*ConditionID,*C:Brand,*C:Screen Size,*C:Processor,C:Model,C:Operating System,C:SSD Capacity,C:Hard Drive Capacity,C:Features,C:Type,C:GPU,C:Storage Type,C:Release Year,C:Color,C:Maximum Resolution,C:Processor Speed,C:MPN,C:Unit Quantity,C:Unit Type,C:Series,C:RAM Size,C:Most Suitable For,C:Graphics Processing Type,C:Connectivity,C:Country of Origin,C:Manufacturer Warranty,C:California Prop 65 Warning,C:Item Height,C:Item Length,C:Item Weight,C:Item Width,PicURL,GalleryType,VideoID,*Description,*Format,*Duration,*StartPrice,BuyItNowPrice,BestOfferEnabled,BestOfferAutoAcceptPrice,MinimumBestOfferPrice,*Quantity,ImmediatePayRequired,*Location,ShippingType,ShippingService-1:Option,ShippingService-1:Cost,ShippingService-2:Option,ShippingService-2:Cost,*DispatchTimeMax,PromotionalShippingDiscount,ShippingDiscountProfileID,*ReturnsAcceptedOption,ReturnsWithinOption,RefundOption,ShippingCostPaidByOption,AdditionalDetails
Add,4ZJ6JS3,177,,"Dell Vostro 7620 15.9"" i7-12700H 15GB 512GB SSD RTX 3050 Ti Win 11 Pro Laptop",,,,,3000,Dell,16 in,Intel Core i7 12th Gen.,Dell Vostro 7620,Windows 11 Pro,512 GB,512 GB,Backlit Keyboard|Bluetooth|Built-in Webcam|Wi-Fi,Notebook/Laptop,NVIDIA GeForce RTX 3050 Ti,SSD (Solid State Drive),2022,Gray,1920 x 1200,2.30 GHz,,,,Vostro,15 GB,Casual Computing,Dedicated Graphics,USB-C|USB 3.0|HDMI|SD Card Slot,,,,,,,,,,,"<div style=""max-width:800px;margin:0 auto;font-family:Arial,Helvetica,sans-serif;color:#333;"">
<div style=""background:#1a1a2e;color:white;padding:20px;border-radius:8px 8px 0 0;text-align:center;"">
<h1 style=""margin:0;font-size:22px;"">Dell Vostro 7620</h1>
<p style=""margin:5px 0 0;color:#a0a0c0;font-size:14px;"">Professionally Audited &amp; Restored</p>
</div>
<table style=""width:100%;border-collapse:collapse;margin:0;"">
<tr style=""background:#f8f8fc;""><td style=""padding:10px 15px;border-bottom:1px solid #eee;font-weight:bold;width:40%;"">Processor</td><td style=""padding:10px 15px;border-bottom:1px solid #eee;"">12th Gen Intel(R) Core(TM) i7-12700H</td></tr>
<tr><td style=""padding:10px 15px;border-bottom:1px solid #eee;font-weight:bold;"">RAM</td><td style=""padding:10px 15px;border-bottom:1px solid #eee;"">15 GB DDR5</td></tr>
<tr style=""background:#f8f8fc;""><td style=""padding:10px 15px;border-bottom:1px solid #eee;font-weight:bold;"">Storage</td><td style=""padding:10px 15px;border-bottom:1px solid #eee;"">512 GB NVMe</td></tr>
<tr><td style=""padding:10px 15px;border-bottom:1px solid #eee;font-weight:bold;"">Graphics</td><td style=""padding:10px 15px;border-bottom:1px solid #eee;"">NVIDIA Corporation GA107M [GeForce RTX 3050 Ti Mobile] (rev a1)</td></tr>
<tr style=""background:#f8f8fc;""><td style=""padding:10px 15px;border-bottom:1px solid #eee;font-weight:bold;"">Display</td><td style=""padding:10px 15px;border-bottom:1px solid #eee;"">15.9"" 1920x1200</td></tr>
<tr><td style=""padding:10px 15px;border-bottom:1px solid #eee;font-weight:bold;"">Operating System</td><td style=""padding:10px 15px;border-bottom:1px solid #eee;"">Windows 11 Pro (Fresh Install)</td></tr>
<tr style=""background:#f8f8fc;""><td style=""padding:10px 15px;border-bottom:1px solid #eee;font-weight:bold;"">Connectivity</td><td style=""padding:10px 15px;border-bottom:1px solid #eee;"">Wi-Fi 6 (802.11ax) &bull; Bluetooth &bull; Webcam &bull; Fingerprint Reader &bull; Backlit Keyboard</td></tr>
</table>
<div style=""margin-top:20px;padding:15px;background:#f0fdf4;border-left:4px solid #22c55e;border-radius:0 4px 4px 0;"">
<h2 style=""margin:0 0 10px;font-size:16px;color:#16a34a;"">&check; Condition Report</h2>
<table style=""width:100%;font-size:14px;"">
<tr><td style=""padding:4px 0;""><strong>Screen:</strong></td><td>Excellent</td></tr>
<tr><td style=""padding:4px 0;""><strong>Chassis:</strong></td><td>Good — minor wear</td></tr>
<tr><td style=""padding:4px 0;""><strong>Battery Health:</strong></td><td>100%</td></tr>
<tr><td style=""padding:4px 0;""><strong>SMART Status:</strong></td><td>PASSED</td></tr>
</table>
</div>
<div style=""margin-top:15px;padding:15px;background:#f8f8fc;border-radius:4px;"">
<h2 style=""margin:0 0 8px;font-size:16px;"">&boxbox; What's Included</h2>
<ul style=""margin:0;padding-left:20px;font-size:14px;"">
<li>Dell Vostro 7620 Laptop</li>
<li>Charger: Yes — OEM charger included</li>
<li>Fresh Windows 11 Pro installation (no bloatware)</li>
</ul>
</div>
<div style=""margin-top:15px;padding:12px;background:#1a1a2e;color:#a0a0c0;border-radius:0 0 8px 8px;text-align:center;font-size:12px;"">
Professionally audited, securely wiped, and restored. Ships within 3 business days.
</div>
</div>",FixedPrice,GTC,455.99,,1,410.39,364.79,1,true,"Boca Raton, FL",Flat,USPSParcel,14.99,UPSGround,18.99,3,,,ReturnsNotAccepted,,,,
Add,HWR9LS3,177,,"Dell Vostro 7620 15.9"" i7-12700H 15GB 512GB SSD RTX 3050 Ti Win 11 Pro Laptop",,,,,3000,Dell,16 in,Intel Core i7 12th Gen.,Dell Vostro 7620,Windows 11 Pro,512 GB,512 GB,Backlit Keyboard|Bluetooth|Built-in Webcam|Wi-Fi,Notebook/Laptop,NVIDIA GeForce RTX 3050 Ti,SSD (Solid State Drive),2022,Gray,1920 x 1200,2.30 GHz,,,,Vostro,15 GB,Casual Computing,Dedicated Graphics,USB-C|USB 3.0|HDMI|SD Card Slot,,,,,,,,,,,"<div style=""max-width:800px;margin:0 auto;font-family:Arial,Helvetica,sans-serif;color:#333;"">
<div style=""background:#1a1a2e;color:white;padding:20px;border-radius:8px 8px 0 0;text-align:center;"">
<h1 style=""margin:0;font-size:22px;"">Dell Vostro 7620</h1>
<p style=""margin:5px 0 0;color:#a0a0c0;font-size:14px;"">Professionally Audited &amp; Restored</p>
</div>
<table style=""width:100%;border-collapse:collapse;margin:0;"">
<tr style=""background:#f8f8fc;""><td style=""padding:10px 15px;border-bottom:1px solid #eee;font-weight:bold;width:40%;"">Processor</td><td style=""padding:10px 15px;border-bottom:1px solid #eee;"">12th Gen Intel(R) Core(TM) i7-12700H</td></tr>
<tr><td style=""padding:10px 15px;border-bottom:1px solid #eee;font-weight:bold;"">RAM</td><td style=""padding:10px 15px;border-bottom:1px solid #eee;"">15 GB DDR5</td></tr>
<tr style=""background:#f8f8fc;""><td style=""padding:10px 15px;border-bottom:1px solid #eee;font-weight:bold;"">Storage</td><td style=""padding:10px 15px;border-bottom:1px solid #eee;"">512 GB NVMe</td></tr>
<tr><td style=""padding:10px 15px;border-bottom:1px solid #eee;font-weight:bold;"">Graphics</td><td style=""padding:10px 15px;border-bottom:1px solid #eee;"">NVIDIA Corporation GA107M [GeForce RTX 3050 Ti Mobile] (rev a1)</td></tr>
<tr style=""background:#f8f8fc;""><td style=""padding:10px 15px;border-bottom:1px solid #eee;font-weight:bold;"">Display</td><td style=""padding:10px 15px;border-bottom:1px solid #eee;"">15.9"" 1920x1200</td></tr>
<tr><td style=""padding:10px 15px;border-bottom:1px solid #eee;font-weight:bold;"">Operating System</td><td style=""padding:10px 15px;border-bottom:1px solid #eee;"">Windows 11 Pro (Fresh Install)</td></tr>
<tr style=""background:#f8f8fc;""><td style=""padding:10px 15px;border-bottom:1px solid #eee;font-weight:bold;"">Connectivity</td><td style=""padding:10px 15px;border-bottom:1px solid #eee;"">Wi-Fi 6 (802.11ax) &bull; Bluetooth &bull; Webcam &bull; Fingerprint Reader &bull; Backlit Keyboard</td></tr>
</table>
<div style=""margin-top:20px;padding:15px;background:#f0fdf4;border-left:4px solid #22c55e;border-radius:0 4px 4px 0;"">
<h2 style=""margin:0 0 10px;font-size:16px;color:#16a34a;"">&check; Condition Report</h2>
<table style=""width:100%;font-size:14px;"">
<tr><td style=""padding:4px 0;""><strong>Screen:</strong></td><td>Excellent</td></tr>
<tr><td style=""padding:4px 0;""><strong>Chassis:</strong></td><td>Good — minor wear</td></tr>
<tr><td style=""padding:4px 0;""><strong>Battery Health:</strong></td><td>85%</td></tr>
<tr><td style=""padding:4px 0;""><strong>SMART Status:</strong></td><td>PASSED</td></tr>
</table>
</div>
<div style=""margin-top:15px;padding:15px;background:#f8f8fc;border-radius:4px;"">
<h2 style=""margin:0 0 8px;font-size:16px;"">&boxbox; What's Included</h2>
<ul style=""margin:0;padding-left:20px;font-size:14px;"">
<li>Dell Vostro 7620 Laptop</li>
<li>Charger: Yes — OEM charger included</li>
<li>Fresh Windows 11 Pro installation (no bloatware)</li>
</ul>
</div>
<div style=""margin-top:15px;padding:12px;background:#1a1a2e;color:#a0a0c0;border-radius:0 0 8px 8px;text-align:center;font-size:12px;"">
Professionally audited, securely wiped, and restored. Ships within 3 business days.
</div>
</div>",FixedPrice,GTC,445.99,,1,401.39,356.79,1,true,"Boca Raton, FL",Flat,USPSParcel,14.99,UPSGround,18.99,3,,,ReturnsNotAccepted,,,,
Add,51WBXL3,177,,"Dell Vostro 7620 15.9"" i7-12700H 15GB 512GB SSD RTX 3050 Win 11 Pro Laptop",,,,,3000,Dell,16 in,Intel Core i7 12th Gen.,Dell Vostro 7620,Windows 11 Pro,512 GB,512 GB,Backlit Keyboard|Bluetooth|Built-in Webcam|Wi-Fi,Notebook/Laptop,NVIDIA GeForce RTX 3050,SSD (Solid State Drive),2022,Gray,1920 x 1200,2.30 GHz,,,,Vostro,15 GB,Casual Computing,Dedicated Graphics,USB-C|USB 3.0|HDMI|SD Card Slot,,,,,,,,,,,"<div style=""max-width:800px;margin:0 auto;font-family:Arial,Helvetica,sans-serif;color:#333;"">
<div style=""background:#1a1a2e;color:white;padding:20px;border-radius:8px 8px 0 0;text-align:center;"">
<h1 style=""margin:0;font-size:22px;"">Dell Vostro 7620</h1>
<p style=""margin:5px 0 0;color:#a0a0c0;font-size:14px;"">Professionally Audited &amp; Restored</p>
</div>
<table style=""width:100%;border-collapse:collapse;margin:0;"">
<tr style=""background:#f8f8fc;""><td style=""padding:10px 15px;border-bottom:1px solid #eee;font-weight:bold;width:40%;"">Processor</td><td style=""padding:10px 15px;border-bottom:1px solid #eee;"">12th Gen Intel(R) Core(TM) i7-12700H</td></tr>
<tr><td style=""padding:10px 15px;border-bottom:1px solid #eee;font-weight:bold;"">RAM</td><td style=""padding:10px 15px;border-bottom:1px solid #eee;"">15 GB DDR5</td></tr>
<tr style=""background:#f8f8fc;""><td style=""padding:10px 15px;border-bottom:1px solid #eee;font-weight:bold;"">Storage</td><td style=""padding:10px 15px;border-bottom:1px solid #eee;"">512 GB NVMe</td></tr>
<tr><td style=""padding:10px 15px;border-bottom:1px solid #eee;font-weight:bold;"">Graphics</td><td style=""padding:10px 15px;border-bottom:1px solid #eee;"">NVIDIA Corporation GA107M [GeForce RTX 3050 Mobile] (rev a1)</td></tr>
<tr style=""background:#f8f8fc;""><td style=""padding:10px 15px;border-bottom:1px solid #eee;font-weight:bold;"">Display</td><td style=""padding:10px 15px;border-bottom:1px solid #eee;"">15.9"" 1920x1200</td></tr>
<tr><td style=""padding:10px 15px;border-bottom:1px solid #eee;font-weight:bold;"">Operating System</td><td style=""padding:10px 15px;border-bottom:1px solid #eee;"">Windows 11 Pro (Fresh Install)</td></tr>
<tr style=""background:#f8f8fc;""><td style=""padding:10px 15px;border-bottom:1px solid #eee;font-weight:bold;"">Connectivity</td><td style=""padding:10px 15px;border-bottom:1px solid #eee;"">Wi-Fi 6 (802.11ax) &bull; Bluetooth &bull; Webcam &bull; Fingerprint Reader &bull; Backlit Keyboard</td></tr>
</table>
<div style=""margin-top:20px;padding:15px;background:#f0fdf4;border-left:4px solid #22c55e;border-radius:0 4px 4px 0;"">
<h2 style=""margin:0 0 10px;font-size:16px;color:#16a34a;"">&check; Condition Report</h2>
<table style=""width:100%;font-size:14px;"">
<tr><td style=""padding:4px 0;""><strong>Screen:</strong></td><td>Excellent</td></tr>
<tr><td style=""padding:4px 0;""><strong>Chassis:</strong></td><td>Good — minor wear</td></tr>
<tr><td style=""padding:4px 0;""><strong>Battery Health:</strong></td><td>95%</td></tr>
<tr><td style=""padding:4px 0;""><strong>SMART Status:</strong></td><td>PASSED</td></tr>
</table>
</div>
<div style=""margin-top:15px;padding:15px;background:#f8f8fc;border-radius:4px;"">
<h2 style=""margin:0 0 8px;font-size:16px;"">&boxbox; What's Included</h2>
<ul style=""margin:0;padding-left:20px;font-size:14px;"">
<li>Dell Vostro 7620 Laptop</li>
<li>Charger: Yes — OEM charger included</li>
<li>Fresh Windows 11 Pro installation (no bloatware)</li>
</ul>
</div>
<div style=""margin-top:15px;padding:12px;background:#1a1a2e;color:#a0a0c0;border-radius:0 0 8px 8px;text-align:center;font-size:12px;"">
Professionally audited, securely wiped, and restored. Ships within 3 business days.
</div>
</div>",FixedPrice,GTC,455.99,,1,410.39,364.79,1,true,"Boca Raton, FL",Flat,USPSParcel,14.99,UPSGround,18.99,3,,,ReturnsNotAccepted,,,,
Add,78ZSFS3,177,,"Dell Vostro 7620 15.9"" i7-12700H 15GB 512GB SSD RTX 3050 Ti Win 11 Pro Laptop",,,,,3000,Dell,16 in,Intel Core i7 12th Gen.,Dell Vostro 7620,Windows 11 Pro,512 GB,512 GB,Backlit Keyboard|Bluetooth|Built-in Webcam|Wi-Fi,Notebook/Laptop,NVIDIA GeForce RTX 3050 Ti,SSD (Solid State Drive),2022,Gray,1920 x 1200,2.30 GHz,,,,Vostro,15 GB,Casual Computing,Dedicated Graphics,USB-C|USB 3.0|HDMI|SD Card Slot,,,,,,,,,,,"<div style=""max-width:800px;margin:0 auto;font-family:Arial,Helvetica,sans-serif;color:#333;"">
<div style=""background:#1a1a2e;color:white;padding:20px;border-radius:8px 8px 0 0;text-align:center;"">
<h1 style=""margin:0;font-size:22px;"">Dell Vostro 7620</h1>
<p style=""margin:5px 0 0;color:#a0a0c0;font-size:14px;"">Professionally Audited &amp; Restored</p>
</div>
<table style=""width:100%;border-collapse:collapse;margin:0;"">
<tr style=""background:#f8f8fc;""><td style=""padding:10px 15px;border-bottom:1px solid #eee;font-weight:bold;width:40%;"">Processor</td><td style=""padding:10px 15px;border-bottom:1px solid #eee;"">12th Gen Intel(R) Core(TM) i7-12700H</td></tr>
<tr><td style=""padding:10px 15px;border-bottom:1px solid #eee;font-weight:bold;"">RAM</td><td style=""padding:10px 15px;border-bottom:1px solid #eee;"">15 GB DDR5</td></tr>
<tr style=""background:#f8f8fc;""><td style=""padding:10px 15px;border-bottom:1px solid #eee;font-weight:bold;"">Storage</td><td style=""padding:10px 15px;border-bottom:1px solid #eee;"">512 GB NVMe</td></tr>
<tr><td style=""padding:10px 15px;border-bottom:1px solid #eee;font-weight:bold;"">Graphics</td><td style=""padding:10px 15px;border-bottom:1px solid #eee;"">NVIDIA Corporation GA107M [GeForce RTX 3050 Ti Mobile] (rev a1)</td></tr>
<tr style=""background:#f8f8fc;""><td style=""padding:10px 15px;border-bottom:1px solid #eee;font-weight:bold;"">Display</td><td style=""padding:10px 15px;border-bottom:1px solid #eee;"">15.9"" 1920x1200</td></tr>
<tr><td style=""padding:10px 15px;border-bottom:1px solid #eee;font-weight:bold;"">Operating System</td><td style=""padding:10px 15px;border-bottom:1px solid #eee;"">Windows 11 Pro (Fresh Install)</td></tr>
<tr style=""background:#f8f8fc;""><td style=""padding:10px 15px;border-bottom:1px solid #eee;font-weight:bold;"">Connectivity</td><td style=""padding:10px 15px;border-bottom:1px solid #eee;"">Wi-Fi 6 (802.11ax) &bull; Bluetooth &bull; Webcam &bull; Fingerprint Reader &bull; Backlit Keyboard</td></tr>
</table>
<div style=""margin-top:20px;padding:15px;background:#f0fdf4;border-left:4px solid #22c55e;border-radius:0 4px 4px 0;"">
<h2 style=""margin:0 0 10px;font-size:16px;color:#16a34a;"">&check; Condition Report</h2>
<table style=""width:100%;font-size:14px;"">
<tr><td style=""padding:4px 0;""><strong>Screen:</strong></td><td>Excellent</td></tr>
<tr><td style=""padding:4px 0;""><strong>Chassis:</strong></td><td>Good — minor wear</td></tr>
<tr><td style=""padding:4px 0;""><strong>Battery Health:</strong></td><td>80%</td></tr>
<tr><td style=""padding:4px 0;""><strong>SMART Status:</strong></td><td>PASSED</td></tr>
</table>
</div>
<div style=""margin-top:15px;padding:15px;background:#f8f8fc;border-radius:4px;"">
<h2 style=""margin:0 0 8px;font-size:16px;"">&boxbox; What's Included</h2>
<ul style=""margin:0;padding-left:20px;font-size:14px;"">
<li>Dell Vostro 7620 Laptop</li>
<li>Charger: Yes — OEM charger included</li>
<li>Fresh Windows 11 Pro installation (no bloatware)</li>
</ul>
</div>
<div style=""margin-top:15px;padding:12px;background:#1a1a2e;color:#a0a0c0;border-radius:0 0 8px 8px;text-align:center;font-size:12px;"">
Professionally audited, securely wiped, and restored. Ships within 3 business days.
</div>
</div>",FixedPrice,GTC,435.99,,1,392.39,348.79,1,true,"Boca Raton, FL",Flat,USPSParcel,14.99,UPSGround,18.99,3,,,ReturnsNotAccepted,,,,
Add,DXJ6JS3,177,,"Dell Vostro 7620 15.9"" i7-12700H 15GB 512GB SSD RTX 3050 Ti Win 11 Pro Laptop",,,,,3000,Dell,16 in,Intel Core i7 12th Gen.,Dell Vostro 7620,Windows 11 Pro,512 GB,512 GB,Backlit Keyboard|Bluetooth|Built-in Webcam|Wi-Fi,Notebook/Laptop,NVIDIA GeForce RTX 3050 Ti,SSD (Solid State Drive),2022,Gray,1920 x 1200,2.30 GHz,,,,Vostro,15 GB,Casual Computing,Dedicated Graphics,USB-C|USB 3.0|HDMI|SD Card Slot,,,,,,,,,,,"<div style=""max-width:800px;margin:0 auto;font-family:Arial,Helvetica,sans-serif;color:#333;"">
<div style=""background:#1a1a2e;color:white;padding:20px;border-radius:8px 8px 0 0;text-align:center;"">
<h1 style=""margin:0;font-size:22px;"">Dell Vostro 7620</h1>
<p style=""margin:5px 0 0;color:#a0a0c0;font-size:14px;"">Professionally Audited &amp; Restored</p>
</div>
<table style=""width:100%;border-collapse:collapse;margin:0;"">
<tr style=""background:#f8f8fc;""><td style=""padding:10px 15px;border-bottom:1px solid #eee;font-weight:bold;width:40%;"">Processor</td><td style=""padding:10px 15px;border-bottom:1px solid #eee;"">12th Gen Intel(R) Core(TM) i7-12700H</td></tr>
<tr><td style=""padding:10px 15px;border-bottom:1px solid #eee;font-weight:bold;"">RAM</td><td style=""padding:10px 15px;border-bottom:1px solid #eee;"">15 GB DDR5</td></tr>
<tr style=""background:#f8f8fc;""><td style=""padding:10px 15px;border-bottom:1px solid #eee;font-weight:bold;"">Storage</td><td style=""padding:10px 15px;border-bottom:1px solid #eee;"">512 GB NVMe</td></tr>
<tr><td style=""padding:10px 15px;border-bottom:1px solid #eee;font-weight:bold;"">Graphics</td><td style=""padding:10px 15px;border-bottom:1px solid #eee;"">NVIDIA Corporation GA107M [GeForce RTX 3050 Ti Mobile] (rev a1)</td></tr>
<tr style=""background:#f8f8fc;""><td style=""padding:10px 15px;border-bottom:1px solid #eee;font-weight:bold;"">Display</td><td style=""padding:10px 15px;border-bottom:1px solid #eee;"">15.9"" 1920x1200</td></tr>
<tr><td style=""padding:10px 15px;border-bottom:1px solid #eee;font-weight:bold;"">Operating System</td><td style=""padding:10px 15px;border-bottom:1px solid #eee;"">Windows 11 Pro (Fresh Install)</td></tr>
<tr style=""background:#f8f8fc;""><td style=""padding:10px 15px;border-bottom:1px solid #eee;font-weight:bold;"">Connectivity</td><td style=""padding:10px 15px;border-bottom:1px solid #eee;"">Wi-Fi 6 (802.11ax) &bull; Bluetooth &bull; Webcam &bull; Fingerprint Reader &bull; Backlit Keyboard</td></tr>
</table>
<div style=""margin-top:20px;padding:15px;background:#f0fdf4;border-left:4px solid #22c55e;border-radius:0 4px 4px 0;"">
<h2 style=""margin:0 0 10px;font-size:16px;color:#16a34a;"">&check; Condition Report</h2>
<table style=""width:100%;font-size:14px;"">
<tr><td style=""padding:4px 0;""><strong>Screen:</strong></td><td>Excellent</td></tr>
<tr><td style=""padding:4px 0;""><strong>Chassis:</strong></td><td>Good — minor wear</td></tr>
<tr><td style=""padding:4px 0;""><strong>Battery Health:</strong></td><td>83%</td></tr>
<tr><td style=""padding:4px 0;""><strong>SMART Status:</strong></td><td>PASSED</td></tr>
</table>
</div>
<div style=""margin-top:15px;padding:15px;background:#f8f8fc;border-radius:4px;"">
<h2 style=""margin:0 0 8px;font-size:16px;"">&boxbox; What's Included</h2>
<ul style=""margin:0;padding-left:20px;font-size:14px;"">
<li>Dell Vostro 7620 Laptop</li>
<li>Charger: Yes — OEM charger included</li>
<li>Fresh Windows 11 Pro installation (no bloatware)</li>
</ul>
</div>
<div style=""margin-top:15px;padding:12px;background:#1a1a2e;color:#a0a0c0;border-radius:0 0 8px 8px;text-align:center;font-size:12px;"">
Professionally audited, securely wiped, and restored. Ships within 3 business days.
</div>
</div>",FixedPrice,GTC,435.99,,1,392.39,348.79,1,true,"Boca Raton, FL",Flat,USPSParcel,14.99,UPSGround,18.99,3,,,ReturnsNotAccepted,,,,
Add,D70SVG3,177,,"Dell Vostro 15 7510 15.3"" i7-11800H 15GB 512GB SSD RTX 3050 Win 11 Pro Laptop",,,,,3000,Dell,15.3 in,Intel Core i7 11th Gen.,Dell Vostro 15 7510,Windows 11 Pro,512 GB,512 GB,Backlit Keyboard|Bluetooth|Built-in Webcam|Wi-Fi,Notebook/Laptop,NVIDIA GeForce RTX 3050,SSD (Solid State Drive),2021,Gray,1920 x 1080,2.30 GHz,,,,Vostro,15 GB,Casual Computing,Dedicated Graphics,USB-C|USB 3.0|HDMI|SD Card Slot,,,,,,,,,,,"<div style=""max-width:800px;margin:0 auto;font-family:Arial,Helvetica,sans-serif;color:#333;"">
<div style=""background:#1a1a2e;color:white;padding:20px;border-radius:8px 8px 0 0;text-align:center;"">
<h1 style=""margin:0;font-size:22px;"">Dell Vostro 15 7510</h1>
<p style=""margin:5px 0 0;color:#a0a0c0;font-size:14px;"">Professionally Audited &amp; Restored</p>
</div>
<table style=""width:100%;border-collapse:collapse;margin:0;"">
<tr style=""background:#f8f8fc;""><td style=""padding:10px 15px;border-bottom:1px solid #eee;font-weight:bold;width:40%;"">Processor</td><td style=""padding:10px 15px;border-bottom:1px solid #eee;"">11th Gen Intel(R) Core(TM) i7-11800H @ 2.30GHz</td></tr>
<tr><td style=""padding:10px 15px;border-bottom:1px solid #eee;font-weight:bold;"">RAM</td><td style=""padding:10px 15px;border-bottom:1px solid #eee;"">15 GB DDR4</td></tr>
<tr style=""background:#f8f8fc;""><td style=""padding:10px 15px;border-bottom:1px solid #eee;font-weight:bold;"">Storage</td><td style=""padding:10px 15px;border-bottom:1px solid #eee;"">512 GB NVMe</td></tr>
<tr><td style=""padding:10px 15px;border-bottom:1px solid #eee;font-weight:bold;"">Graphics</td><td style=""padding:10px 15px;border-bottom:1px solid #eee;"">NVIDIA Corporation GA107M [GeForce RTX 3050 Mobile] (rev a1)</td></tr>
<tr style=""background:#f8f8fc;""><td style=""padding:10px 15px;border-bottom:1px solid #eee;font-weight:bold;"">Display</td><td style=""padding:10px 15px;border-bottom:1px solid #eee;"">15.3"" 1920x1080</td></tr>
<tr><td style=""padding:10px 15px;border-bottom:1px solid #eee;font-weight:bold;"">Operating System</td><td style=""padding:10px 15px;border-bottom:1px solid #eee;"">Windows 11 Pro (Fresh Install)</td></tr>
<tr style=""background:#f8f8fc;""><td style=""padding:10px 15px;border-bottom:1px solid #eee;font-weight:bold;"">Connectivity</td><td style=""padding:10px 15px;border-bottom:1px solid #eee;"">Wi-Fi 6 (802.11ax) &bull; Bluetooth &bull; Webcam &bull; Fingerprint Reader &bull; Backlit Keyboard</td></tr>
</table>
<div style=""margin-top:20px;padding:15px;background:#f0fdf4;border-left:4px solid #22c55e;border-radius:0 4px 4px 0;"">
<h2 style=""margin:0 0 10px;font-size:16px;color:#16a34a;"">&check; Condition Report</h2>
<table style=""width:100%;font-size:14px;"">
<tr><td style=""padding:4px 0;""><strong>Screen:</strong></td><td>Excellent</td></tr>
<tr><td style=""padding:4px 0;""><strong>Chassis:</strong></td><td>Good — minor wear</td></tr>
<tr><td style=""padding:4px 0;""><strong>Battery Health:</strong></td><td>49%</td></tr>
<tr><td style=""padding:4px 0;""><strong>SMART Status:</strong></td><td>PASSED</td></tr>
</table>
</div>
<div style=""margin-top:15px;padding:15px;background:#f8f8fc;border-radius:4px;"">
<h2 style=""margin:0 0 8px;font-size:16px;"">&boxbox; What's Included</h2>
<ul style=""margin:0;padding-left:20px;font-size:14px;"">
<li>Dell Vostro 15 7510 Laptop</li>
<li>Charger: Yes — OEM charger included</li>
<li>Fresh Windows 11 Pro installation (no bloatware)</li>
</ul>
</div>
<div style=""margin-top:15px;padding:12px;background:#1a1a2e;color:#a0a0c0;border-radius:0 0 8px 8px;text-align:center;font-size:12px;"">
Professionally audited, securely wiped, and restored. Ships within 3 business days.
</div>
</div>",FixedPrice,GTC,350.99,,1,315.89,280.79,1,true,"Boca Raton, FL",Flat,USPSParcel,14.99,UPSGround,18.99,3,,,ReturnsNotAccepted,,,,
Add,7LCTF63,177,,"Dell Vostro 7500 15.3"" i7-10750H CPU 15GB 31GB SATA GTX 1650 Ti Win 11 Pro",,,,,3000,Dell,15.3 in,Intel Core i7 10th Gen.,Dell Vostro 7500,Windows 11 Pro,31 GB,31 GB,Backlit Keyboard|Bluetooth|Built-in Webcam|Wi-Fi,Notebook/Laptop,NVIDIA GeForce GTX 1650 Ti,SSD (Solid State Drive),,Gray,1920 x 1080,2.60 GHz,,,,Vostro,15 GB,Casual Computing,Dedicated Graphics,USB-C|USB 3.0|HDMI|SD Card Slot,,,,,,,,,,,"<div style=""max-width:800px;margin:0 auto;font-family:Arial,Helvetica,sans-serif;color:#333;"">
<div style=""background:#1a1a2e;color:white;padding:20px;border-radius:8px 8px 0 0;text-align:center;"">
<h1 style=""margin:0;font-size:22px;"">Dell Vostro 7500</h1>
<p style=""margin:5px 0 0;color:#a0a0c0;font-size:14px;"">Professionally Audited &amp; Restored</p>
</div>
<table style=""width:100%;border-collapse:collapse;margin:0;"">
<tr style=""background:#f8f8fc;""><td style=""padding:10px 15px;border-bottom:1px solid #eee;font-weight:bold;width:40%;"">Processor</td><td style=""padding:10px 15px;border-bottom:1px solid #eee;"">Intel(R) Core(TM) i7-10750H CPU @ 2.60GHz</td></tr>
<tr><td style=""padding:10px 15px;border-bottom:1px solid #eee;font-weight:bold;"">RAM</td><td style=""padding:10px 15px;border-bottom:1px solid #eee;"">15 GB DDR4</td></tr>
<tr style=""background:#f8f8fc;""><td style=""padding:10px 15px;border-bottom:1px solid #eee;font-weight:bold;"">Storage</td><td style=""padding:10px 15px;border-bottom:1px solid #eee;"">31 GB SATA</td></tr>
<tr><td style=""padding:10px 15px;border-bottom:1px solid #eee;font-weight:bold;"">Graphics</td><td style=""padding:10px 15px;border-bottom:1px solid #eee;"">NVIDIA Corporation TU117M [GeForce GTX 1650 Ti Mobile] (rev a1)</td></tr>
<tr style=""background:#f8f8fc;""><td style=""padding:10px 15px;border-bottom:1px solid #eee;font-weight:bold;"">Display</td><td style=""padding:10px 15px;border-bottom:1px solid #eee;"">15.3"" 1920x1080</td></tr>
<tr><td style=""padding:10px 15px;border-bottom:1px solid #eee;font-weight:bold;"">Operating System</td><td style=""padding:10px 15px;border-bottom:1px solid #eee;"">Windows 11 Pro (Fresh Install)</td></tr>
<tr style=""background:#f8f8fc;""><td style=""padding:10px 15px;border-bottom:1px solid #eee;font-weight:bold;"">Connectivity</td><td style=""padding:10px 15px;border-bottom:1px solid #eee;"">Wi-Fi 6 (802.11ax) &bull; Bluetooth &bull; Webcam &bull; Fingerprint Reader &bull; Backlit Keyboard</td></tr>
</table>
<div style=""margin-top:20px;padding:15px;background:#f0fdf4;border-left:4px solid #22c55e;border-radius:0 4px 4px 0;"">
<h2 style=""margin:0 0 10px;font-size:16px;color:#16a34a;"">&check; Condition Report</h2>
<table style=""width:100%;font-size:14px;"">
<tr><td style=""padding:4px 0;""><strong>Screen:</strong></td><td>Excellent</td></tr>
<tr><td style=""padding:4px 0;""><strong>Chassis:</strong></td><td>Good — minor wear</td></tr>
<tr><td style=""padding:4px 0;""><strong>Battery Health:</strong></td><td>90%</td></tr>
<tr><td style=""padding:4px 0;""><strong>SMART Status:</strong></td><td>N/A</td></tr>
</table>
</div>
<div style=""margin-top:15px;padding:15px;background:#f8f8fc;border-radius:4px;"">
<h2 style=""margin:0 0 8px;font-size:16px;"">&boxbox; What's Included</h2>
<ul style=""margin:0;padding-left:20px;font-size:14px;"">
<li>Dell Vostro 7500 Laptop</li>
<li>Charger: Yes — OEM charger included</li>
<li>Fresh Windows 11 Pro installation (no bloatware)</li>
</ul>
</div>
<div style=""margin-top:15px;padding:12px;background:#1a1a2e;color:#a0a0c0;border-radius:0 0 8px 8px;text-align:center;font-size:12px;"">
Professionally audited, securely wiped, and restored. Ships within 3 business days.
</div>
</div>",FixedPrice,GTC,310.99,,1,279.89,248.79,1,true,"Boca Raton, FL",Flat,USPSParcel,14.99,UPSGround,18.99,3,,,ReturnsNotAccepted,,,,
Add,JV25GS3,177,,"Dell Vostro 7620 16"" i7-12700H 16GB 512GB SSD RTX 3050 Ti Win 11 Pro Laptop",,,,,3000,Dell,16 in,Intel Core i7 12th Gen.,Dell Vostro 7620,Windows 11 Pro,512 GB,512 GB,Backlit Keyboard|Bluetooth|Built-in Webcam|Wi-Fi,Notebook/Laptop,NVIDIA GeForce RTX 3050 Ti,SSD (Solid State Drive),2022,Gray,1920 x 1200,2.30 GHz,,,,Vostro,16 GB,Casual Computing,Dedicated Graphics,USB-C|USB 3.0|HDMI|SD Card Slot,,,,,,,,,,,"<div style=""max-width:800px;margin:0 auto;font-family:Arial,Helvetica,sans-serif;color:#333;"">
<div style=""background:#1a1a2e;color:white;padding:20px;border-radius:8px 8px 0 0;text-align:center;"">
<h1 style=""margin:0;font-size:22px;"">Dell Vostro 7620</h1>
<p style=""margin:5px 0 0;color:#a0a0c0;font-size:14px;"">Professionally Audited &amp; Restored</p>
</div>
<table style=""width:100%;border-collapse:collapse;margin:0;"">
<tr style=""background:#f8f8fc;""><td style=""padding:10px 15px;border-bottom:1px solid #eee;font-weight:bold;width:40%;"">Processor</td><td style=""padding:10px 15px;border-bottom:1px solid #eee;"">12th Gen Intel(R) Core(TM) i7-12700H</td></tr>
<tr><td style=""padding:10px 15px;border-bottom:1px solid #eee;font-weight:bold;"">RAM</td><td style=""padding:10px 15px;border-bottom:1px solid #eee;"">16 GB DDR5</td></tr>
<tr style=""background:#f8f8fc;""><td style=""padding:10px 15px;border-bottom:1px solid #eee;font-weight:bold;"">Storage</td><td style=""padding:10px 15px;border-bottom:1px solid #eee;"">512 GB NVMe</td></tr>
<tr><td style=""padding:10px 15px;border-bottom:1px solid #eee;font-weight:bold;"">Graphics</td><td style=""padding:10px 15px;border-bottom:1px solid #eee;"">NVIDIA Corporation GA107M [GeForce RTX 3050 Ti Mobile] [10de:25a0] (rev a1)</td></tr>
<tr style=""background:#f8f8fc;""><td style=""padding:10px 15px;border-bottom:1px solid #eee;font-weight:bold;"">Display</td><td style=""padding:10px 15px;border-bottom:1px solid #eee;"">16.0"" 1920x1200</td></tr>
<tr><td style=""padding:10px 15px;border-bottom:1px solid #eee;font-weight:bold;"">Operating System</td><td style=""padding:10px 15px;border-bottom:1px solid #eee;"">Windows 11 Pro (Fresh Install)</td></tr>
<tr style=""background:#f8f8fc;""><td style=""padding:10px 15px;border-bottom:1px solid #eee;font-weight:bold;"">Connectivity</td><td style=""padding:10px 15px;border-bottom:1px solid #eee;"">Wi-Fi 6 (802.11ax) &bull; Bluetooth &bull; Webcam &bull; Fingerprint Reader &bull; Backlit Keyboard</td></tr>
</table>
<div style=""margin-top:20px;padding:15px;background:#f0fdf4;border-left:4px solid #22c55e;border-radius:0 4px 4px 0;"">
<h2 style=""margin:0 0 10px;font-size:16px;color:#16a34a;"">&check; Condition Report</h2>
<table style=""width:100%;font-size:14px;"">
<tr><td style=""padding:4px 0;""><strong>Screen:</strong></td><td>Excellent</td></tr>
<tr><td style=""padding:4px 0;""><strong>Chassis:</strong></td><td>Good — minor wear</td></tr>
<tr><td style=""padding:4px 0;""><strong>Battery Health:</strong></td><td>100%</td></tr>
<tr><td style=""padding:4px 0;""><strong>SMART Status:</strong></td><td>PASSED</td></tr>
</table>
</div>
<div style=""margin-top:15px;padding:15px;background:#f8f8fc;border-radius:4px;"">
<h2 style=""margin:0 0 8px;font-size:16px;"">&boxbox; What's Included</h2>
<ul style=""margin:0;padding-left:20px;font-size:14px;"">
<li>Dell Vostro 7620 Laptop</li>
<li>Charger: Yes — OEM charger included</li>
<li>Fresh Windows 11 Pro installation (no bloatware)</li>
</ul>
</div>
<div style=""margin-top:15px;padding:12px;background:#1a1a2e;color:#a0a0c0;border-radius:0 0 8px 8px;text-align:center;font-size:12px;"">
Professionally audited, securely wiped, and restored. Ships within 3 business days.
</div>
</div>",FixedPrice,GTC,455.99,,1,410.39,364.79,1,true,"Boca Raton, FL",Flat,USPSParcel,14.99,UPSGround,18.99,3,,,ReturnsNotAccepted,,,,
Add,H1N3R93,177,,"Dell Vostro 7500 15.6"" i7-10750H CPU 16GB 512GB SSD GTX 1650 Ti Win 11 Pro",,,,,3000,Dell,15.6 in,Intel Core i7 10th Gen.,Dell Vostro 7500,Windows 11 Pro,512 GB,512 GB,Backlit Keyboard|Bluetooth|Built-in Webcam|Wi-Fi,Notebook/Laptop,NVIDIA GeForce GTX 1650 Ti,SSD (Solid State Drive),,Gray,1920 x 1080,2.60 GHz,,,,Vostro,16 GB,Casual Computing,Dedicated Graphics,USB-C|USB 3.0|HDMI|SD Card Slot,,,,,,,,,,,"<div style=""max-width:800px;margin:0 auto;font-family:Arial,Helvetica,sans-serif;color:#333;"">
<div style=""background:#1a1a2e;color:white;padding:20px;border-radius:8px 8px 0 0;text-align:center;"">
<h1 style=""margin:0;font-size:22px;"">Dell Vostro 7500</h1>
<p style=""margin:5px 0 0;color:#a0a0c0;font-size:14px;"">Professionally Audited &amp; Restored</p>
</div>
<table style=""width:100%;border-collapse:collapse;margin:0;"">
<tr style=""background:#f8f8fc;""><td style=""padding:10px 15px;border-bottom:1px solid #eee;font-weight:bold;width:40%;"">Processor</td><td style=""padding:10px 15px;border-bottom:1px solid #eee;"">Intel(R) Core(TM) i7-10750H CPU @ 2.60GHz</td></tr>
<tr><td style=""padding:10px 15px;border-bottom:1px solid #eee;font-weight:bold;"">RAM</td><td style=""padding:10px 15px;border-bottom:1px solid #eee;"">16 GB DDR4</td></tr>
<tr style=""background:#f8f8fc;""><td style=""padding:10px 15px;border-bottom:1px solid #eee;font-weight:bold;"">Storage</td><td style=""padding:10px 15px;border-bottom:1px solid #eee;"">512 GB NVMe</td></tr>
<tr><td style=""padding:10px 15px;border-bottom:1px solid #eee;font-weight:bold;"">Graphics</td><td style=""padding:10px 15px;border-bottom:1px solid #eee;"">NVIDIA Corporation TU117M [GeForce GTX 1650 Ti Mobile] [10de:1f95] (rev a1)</td></tr>
<tr style=""background:#f8f8fc;""><td style=""padding:10px 15px;border-bottom:1px solid #eee;font-weight:bold;"">Display</td><td style=""padding:10px 15px;border-bottom:1px solid #eee;"">15.6"" 1920x1080</td></tr>
<tr><td style=""padding:10px 15px;border-bottom:1px solid #eee;font-weight:bold;"">Operating System</td><td style=""padding:10px 15px;border-bottom:1px solid #eee;"">Windows 11 Pro (Fresh Install)</td></tr>
<tr style=""background:#f8f8fc;""><td style=""padding:10px 15px;border-bottom:1px solid #eee;font-weight:bold;"">Connectivity</td><td style=""padding:10px 15px;border-bottom:1px solid #eee;"">Wi-Fi 6 (802.11ax) &bull; Bluetooth &bull; Webcam &bull; Fingerprint Reader &bull; Backlit Keyboard</td></tr>
</table>
<div style=""margin-top:20px;padding:15px;background:#f0fdf4;border-left:4px solid #22c55e;border-radius:0 4px 4px 0;"">
<h2 style=""margin:0 0 10px;font-size:16px;color:#16a34a;"">&check; Condition Report</h2>
<table style=""width:100%;font-size:14px;"">
<tr><td style=""padding:4px 0;""><strong>Screen:</strong></td><td>Excellent</td></tr>
<tr><td style=""padding:4px 0;""><strong>Chassis:</strong></td><td>Good — minor wear</td></tr>
<tr><td style=""padding:4px 0;""><strong>Battery Health:</strong></td><td>69%</td></tr>
<tr><td style=""padding:4px 0;""><strong>SMART Status:</strong></td><td>PASSED</td></tr>
</table>
</div>
<div style=""margin-top:15px;padding:15px;background:#f8f8fc;border-radius:4px;"">
<h2 style=""margin:0 0 8px;font-size:16px;"">&boxbox; What's Included</h2>
<ul style=""margin:0;padding-left:20px;font-size:14px;"">
<li>Dell Vostro 7500 Laptop</li>
<li>Charger: Yes — OEM charger included</li>
<li>Fresh Windows 11 Pro installation (no bloatware)</li>
</ul>
</div>
<div style=""margin-top:15px;padding:12px;background:#1a1a2e;color:#a0a0c0;border-radius:0 0 8px 8px;text-align:center;font-size:12px;"">
Professionally audited, securely wiped, and restored. Ships within 3 business days.
</div>
</div>",FixedPrice,GTC,315.99,,1,284.39,252.79,1,true,"Boca Raton, FL",Flat,USPSParcel,14.99,UPSGround,18.99,3,,,ReturnsNotAccepted,,,,
Add,727MYZ2,177,,"Dell Vostro 7500 15.6"" i7-10750H CPU 16GB 1TB SSD GTX 1650 Ti Win 11 Pro Laptop",,,,,3000,Dell,15.6 in,Intel Core i7 10th Gen.,Dell Vostro 7500,Windows 11 Pro,1024 GB,1024 GB,Backlit Keyboard|Bluetooth|Built-in Webcam|Wi-Fi,Notebook/Laptop,NVIDIA GeForce GTX 1650 Ti,SSD (Solid State Drive),,Gray,1920 x 1080,2.60 GHz,,,,Vostro,16 GB,Casual Computing,Dedicated Graphics,USB-C|USB 3.0|HDMI|SD Card Slot,,,,,,,,,,,"<div style=""max-width:800px;margin:0 auto;font-family:Arial,Helvetica,sans-serif;color:#333;"">
<div style=""background:#1a1a2e;color:white;padding:20px;border-radius:8px 8px 0 0;text-align:center;"">
<h1 style=""margin:0;font-size:22px;"">Dell Vostro 7500</h1>
<p style=""margin:5px 0 0;color:#a0a0c0;font-size:14px;"">Professionally Audited &amp; Restored</p>
</div>
<table style=""width:100%;border-collapse:collapse;margin:0;"">
<tr style=""background:#f8f8fc;""><td style=""padding:10px 15px;border-bottom:1px solid #eee;font-weight:bold;width:40%;"">Processor</td><td style=""padding:10px 15px;border-bottom:1px solid #eee;"">Intel(R) Core(TM) i7-10750H CPU @ 2.60GHz</td></tr>
<tr><td style=""padding:10px 15px;border-bottom:1px solid #eee;font-weight:bold;"">RAM</td><td style=""padding:10px 15px;border-bottom:1px solid #eee;"">16 GB DDR4</td></tr>
<tr style=""background:#f8f8fc;""><td style=""padding:10px 15px;border-bottom:1px solid #eee;font-weight:bold;"">Storage</td><td style=""padding:10px 15px;border-bottom:1px solid #eee;"">1024 GB NVMe</td></tr>
<tr><td style=""padding:10px 15px;border-bottom:1px solid #eee;font-weight:bold;"">Graphics</td><td style=""padding:10px 15px;border-bottom:1px solid #eee;"">NVIDIA Corporation TU117M [GeForce GTX 1650 Ti Mobile] [10de:1f95] (rev a1)</td></tr>
<tr style=""background:#f8f8fc;""><td style=""padding:10px 15px;border-bottom:1px solid #eee;font-weight:bold;"">Display</td><td style=""padding:10px 15px;border-bottom:1px solid #eee;"">15.6"" 1920x1080</td></tr>
<tr><td style=""padding:10px 15px;border-bottom:1px solid #eee;font-weight:bold;"">Operating System</td><td style=""padding:10px 15px;border-bottom:1px solid #eee;"">Windows 11 Pro (Fresh Install)</td></tr>
<tr style=""background:#f8f8fc;""><td style=""padding:10px 15px;border-bottom:1px solid #eee;font-weight:bold;"">Connectivity</td><td style=""padding:10px 15px;border-bottom:1px solid #eee;"">Wi-Fi 6 (802.11ax) &bull; Bluetooth &bull; Webcam &bull; Fingerprint Reader &bull; Backlit Keyboard</td></tr>
</table>
<div style=""margin-top:20px;padding:15px;background:#f0fdf4;border-left:4px solid #22c55e;border-radius:0 4px 4px 0;"">
<h2 style=""margin:0 0 10px;font-size:16px;color:#16a34a;"">&check; Condition Report</h2>
<table style=""width:100%;font-size:14px;"">
<tr><td style=""padding:4px 0;""><strong>Screen:</strong></td><td>Excellent</td></tr>
<tr><td style=""padding:4px 0;""><strong>Chassis:</strong></td><td>Good — minor wear</td></tr>
<tr><td style=""padding:4px 0;""><strong>Battery Health:</strong></td><td>80%</td></tr>
<tr><td style=""padding:4px 0;""><strong>SMART Status:</strong></td><td>PASSED</td></tr>
</table>
</div>
<div style=""margin-top:15px;padding:15px;background:#f8f8fc;border-radius:4px;"">
<h2 style=""margin:0 0 8px;font-size:16px;"">&boxbox; What's Included</h2>
<ul style=""margin:0;padding-left:20px;font-size:14px;"">
<li>Dell Vostro 7500 Laptop</li>
<li>Charger: Yes — OEM charger included</li>
<li>Fresh Windows 11 Pro installation (no bloatware)</li>
</ul>
</div>
<div style=""margin-top:15px;padding:12px;background:#1a1a2e;color:#a0a0c0;border-radius:0 0 8px 8px;text-align:center;font-size:12px;"">
Professionally audited, securely wiped, and restored. Ships within 3 business days.
</div>
</div>",FixedPrice,GTC,370.99,,1,333.89,296.79,1,true,"Boca Raton, FL",Flat,USPSParcel,14.99,UPSGround,18.99,3,,,ReturnsNotAccepted,,,,
