Action,Category ID,Title,ConditionID,ConditionDescription,Price,Quantity,Format,Duration,Description,C:Brand,C:Type,C:Model,C:Processor,C:RAM Size,C:SSD Capacity,C:Storage Type,C:Screen Size,C:Resolution,C:GPU,C:Color,C:Operating System,C:Features,C:Connectivity,C:Memory Type,CustomLabel
Draft,177,"Dell Vostro 7620 15.9"" i7-12700H 15GB RAM 512GB SSD RTX 3050 Ti",3000,"Screen in excellent condition — no dead pixels or blemishes. Minor scuffs on chassis — normal use. Battery health: 65%. Includes OEM charger. Fresh Windows 11 Pro installation — no bloatware, ready to use.",450.99,1,FixedPrice,GTC,"<div style=""max-width:800px;margin:0 auto;font-family:Arial,Helvetica,sans-serif;color:#333;"">
<div style=""background:#1a1a2e;color:white;padding:20px;border-radius:8px 8px 0 0;text-align:center;"">
<h1 style=""margin:0;font-size:22px;"">Dell Vostro 7620</h1>
<p style=""margin:5px 0 0;color:#a0a0c0;font-size:14px;"">Professionally Audited &amp; Restored</p>
</div>
<table style=""width:100%;border-collapse:collapse;margin:0;"">
<tr style=""background:#f8f8fc;""><td style=""padding:10px 15px;border-bottom:1px solid #eee;font-weight:bold;width:40%;"">Processor</td><td style=""padding:10px 15px;border-bottom:1px solid #eee;"">12th Gen Intel(R) Core(TM) i7-12700H</td></tr>
<tr><td style=""padding:10px 15px;border-bottom:1px solid #eee;font-weight:bold;"">RAM</td><td style=""padding:10px 15px;border-bottom:1px solid #eee;"">15 GB DDR5</td></tr>
<tr style=""background:#f8f8fc;""><td style=""padding:10px 15px;border-bottom:1px solid #eee;font-weight:bold;"">Storage</td><td style=""padding:10px 15px;border-bottom:1px solid #eee;"">512 GB NVMe</td></tr>
<tr><td style=""padding:10px 15px;border-bottom:1px solid #eee;font-weight:bold;"">Graphics</td><td style=""padding:10px 15px;border-bottom:1px solid #eee;"">NVIDIA Corporation GA107M [GeForce RTX 3050 Ti Mobile] (rev a1)</td></tr>
<tr style=""background:#f8f8fc;""><td style=""padding:10px 15px;border-bottom:1px solid #eee;font-weight:bold;"">Display</td><td style=""padding:10px 15px;border-bottom:1px solid #eee;"">15.9"" 1920x1200</td></tr>
<tr><td style=""padding:10px 15px;border-bottom:1px solid #eee;font-weight:bold;"">Operating System</td><td style=""padding:10px 15px;border-bottom:1px solid #eee;"">Windows 11 Pro (Fresh Install)</td></tr>
<tr style=""background:#f8f8fc;""><td style=""padding:10px 15px;border-bottom:1px solid #eee;font-weight:bold;"">Connectivity</td><td style=""padding:10px 15px;border-bottom:1px solid #eee;"">Wi-Fi 6 (802.11ax) &bull; Bluetooth &bull; Webcam &bull; Fingerprint Reader &bull; Backlit Keyboard</td></tr>
</table>
<div style=""margin-top:20px;padding:15px;background:#f0fdf4;border-left:4px solid #22c55e;border-radius:0 4px 4px 0;"">
<h2 style=""margin:0 0 10px;font-size:16px;color:#16a34a;"">&check; Condition Report</h2>
<table style=""width:100%;font-size:14px;"">
<tr><td style=""padding:4px 0;""><strong>Screen:</strong></td><td>Excellent</td></tr>
<tr><td style=""padding:4px 0;""><strong>Chassis:</strong></td><td>Good — minor wear</td></tr>
<tr><td style=""padding:4px 0;""><strong>Battery Health:</strong></td><td>65%</td></tr>
<tr><td style=""padding:4px 0;""><strong>SMART Status:</strong></td><td>PASSED</td></tr>
</table>
</div>
<div style=""margin-top:15px;padding:15px;background:#f8f8fc;border-radius:4px;"">
<h2 style=""margin:0 0 8px;font-size:16px;"">&boxbox; What's Included</h2>
<ul style=""margin:0;padding-left:20px;font-size:14px;"">
<li>Dell Vostro 7620 Laptop</li>
<li>Charger: Yes — OEM charger included</li>
<li>Fresh Windows 11 Pro installation (no bloatware)</li>
</ul>
</div>
<div style=""margin-top:15px;padding:12px;background:#1a1a2e;color:#a0a0c0;border-radius:0 0 8px 8px;text-align:center;font-size:12px;"">
Professionally audited, securely wiped, and restored. Ships within 1 business day.
</div>
</div>",Dell,Notebook/Laptop,Dell Vostro 7620,12th Gen Intel(R) Core(TM) i7-12700H,15 GB,512 GB,NVMe,15.9 in,1920x1200,NVIDIA Corporation GA107M [GeForce RTX 3050 Ti Mobile] (rev a1),Gray,Windows 11 Pro,Backlit Keyboard|Fingerprint Reader|Built-in Webcam|Bluetooth,Wi-Fi 6 (802.11ax),DDR5,JW3X9S3
Draft,177,"Dell Vostro 15 7510 15.3"" i7-11800H 15GB RAM 512GB SSD RTX 3050",3000,"Screen in excellent condition — no dead pixels or blemishes. Minor scuffs on chassis — normal use. Battery health: 100%. Includes OEM charger. Fresh Windows 11 Pro installation — no bloatware, ready to use.",400.99,1,FixedPrice,GTC,"<div style=""max-width:800px;margin:0 auto;font-family:Arial,Helvetica,sans-serif;color:#333;"">
<div style=""background:#1a1a2e;color:white;padding:20px;border-radius:8px 8px 0 0;text-align:center;"">
<h1 style=""margin:0;font-size:22px;"">Dell Vostro 15 7510</h1>
<p style=""margin:5px 0 0;color:#a0a0c0;font-size:14px;"">Professionally Audited &amp; Restored</p>
</div>
<table style=""width:100%;border-collapse:collapse;margin:0;"">
<tr style=""background:#f8f8fc;""><td style=""padding:10px 15px;border-bottom:1px solid #eee;font-weight:bold;width:40%;"">Processor</td><td style=""padding:10px 15px;border-bottom:1px solid #eee;"">11th Gen Intel(R) Core(TM) i7-11800H @ 2.30GHz</td></tr>
<tr><td style=""padding:10px 15px;border-bottom:1px solid #eee;font-weight:bold;"">RAM</td><td style=""padding:10px 15px;border-bottom:1px solid #eee;"">15 GB DDR4</td></tr>
<tr style=""background:#f8f8fc;""><td style=""padding:10px 15px;border-bottom:1px solid #eee;font-weight:bold;"">Storage</td><td style=""padding:10px 15px;border-bottom:1px solid #eee;"">512 GB NVMe</td></tr>
<tr><td style=""padding:10px 15px;border-bottom:1px solid #eee;font-weight:bold;"">Graphics</td><td style=""padding:10px 15px;border-bottom:1px solid #eee;"">NVIDIA Corporation GA107M [GeForce RTX 3050 Mobile] (rev a1)</td></tr>
<tr style=""background:#f8f8fc;""><td style=""padding:10px 15px;border-bottom:1px solid #eee;font-weight:bold;"">Display</td><td style=""padding:10px 15px;border-bottom:1px solid #eee;"">15.3"" 1920x1080</td></tr>
<tr><td style=""padding:10px 15px;border-bottom:1px solid #eee;font-weight:bold;"">Operating System</td><td style=""padding:10px 15px;border-bottom:1px solid #eee;"">Windows 11 Pro (Fresh Install)</td></tr>
<tr style=""background:#f8f8fc;""><td style=""padding:10px 15px;border-bottom:1px solid #eee;font-weight:bold;"">Connectivity</td><td style=""padding:10px 15px;border-bottom:1px solid #eee;"">Wi-Fi 6 (802.11ax) &bull; Bluetooth &bull; Webcam &bull; Fingerprint Reader &bull; Backlit Keyboard</td></tr>
</table>
<div style=""margin-top:20px;padding:15px;background:#f0fdf4;border-left:4px solid #22c55e;border-radius:0 4px 4px 0;"">
<h2 style=""margin:0 0 10px;font-size:16px;color:#16a34a;"">&check; Condition Report</h2>
<table style=""width:100%;font-size:14px;"">
<tr><td style=""padding:4px 0;""><strong>Screen:</strong></td><td>Excellent</td></tr>
<tr><td style=""padding:4px 0;""><strong>Chassis:</strong></td><td>Good — minor wear</td></tr>
<tr><td style=""padding:4px 0;""><strong>Battery Health:</strong></td><td>100%</td></tr>
<tr><td style=""padding:4px 0;""><strong>SMART Status:</strong></td><td>PASSED</td></tr>
</table>
</div>
<div style=""margin-top:15px;padding:15px;background:#f8f8fc;border-radius:4px;"">
<h2 style=""margin:0 0 8px;font-size:16px;"">&boxbox; What's Included</h2>
<ul style=""margin:0;padding-left:20px;font-size:14px;"">
<li>Dell Vostro 15 7510 Laptop</li>
<li>Charger: Yes — OEM charger included</li>
<li>Fresh Windows 11 Pro installation (no bloatware)</li>
</ul>
</div>
<div style=""margin-top:15px;padding:12px;background:#1a1a2e;color:#a0a0c0;border-radius:0 0 8px 8px;text-align:center;font-size:12px;"">
Professionally audited, securely wiped, and restored. Ships within 1 business day.
</div>
</div>",Dell,Notebook/Laptop,Dell Vostro 15 7510,11th Gen Intel(R) Core(TM) i7-11800H @ 2.30GHz,15 GB,512 GB,NVMe,15.3 in,1920x1080,NVIDIA Corporation GA107M [GeForce RTX 3050 Mobile] (rev a1),Gray,Windows 11 Pro,Backlit Keyboard|Fingerprint Reader|Built-in Webcam|Bluetooth,Wi-Fi 6 (802.11ax),DDR4,9P81KL3
Draft,177,"Dell Vostro 7620 15.9"" i7-12700H 15GB RAM 512GB SSD RTX 3050 Ti",3000,"Screen in excellent condition — no dead pixels or blemishes. Minor scuffs on chassis — normal use. Battery health: 89%. Includes OEM charger. Fresh Windows 11 Pro installation — no bloatware, ready to use.",470.99,1,FixedPrice,GTC,"<div style=""max-width:800px;margin:0 auto;font-family:Arial,Helvetica,sans-serif;color:#333;"">
<div style=""background:#1a1a2e;color:white;padding:20px;border-radius:8px 8px 0 0;text-align:center;"">
<h1 style=""margin:0;font-size:22px;"">Dell Vostro 7620</h1>
<p style=""margin:5px 0 0;color:#a0a0c0;font-size:14px;"">Professionally Audited &amp; Restored</p>
</div>
<table style=""width:100%;border-collapse:collapse;margin:0;"">
<tr style=""background:#f8f8fc;""><td style=""padding:10px 15px;border-bottom:1px solid #eee;font-weight:bold;width:40%;"">Processor</td><td style=""padding:10px 15px;border-bottom:1px solid #eee;"">12th Gen Intel(R) Core(TM) i7-12700H</td></tr>
<tr><td style=""padding:10px 15px;border-bottom:1px solid #eee;font-weight:bold;"">RAM</td><td style=""padding:10px 15px;border-bottom:1px solid #eee;"">15 GB DDR5</td></tr>
<tr style=""background:#f8f8fc;""><td style=""padding:10px 15px;border-bottom:1px solid #eee;font-weight:bold;"">Storage</td><td style=""padding:10px 15px;border-bottom:1px solid #eee;"">512 GB NVMe</td></tr>
<tr><td style=""padding:10px 15px;border-bottom:1px solid #eee;font-weight:bold;"">Graphics</td><td style=""padding:10px 15px;border-bottom:1px solid #eee;"">NVIDIA Corporation GA107M [GeForce RTX 3050 Ti Mobile] (rev a1)</td></tr>
<tr style=""background:#f8f8fc;""><td style=""padding:10px 15px;border-bottom:1px solid #eee;font-weight:bold;"">Display</td><td style=""padding:10px 15px;border-bottom:1px solid #eee;"">15.9"" 1920x1200</td></tr>
<tr><td style=""padding:10px 15px;border-bottom:1px solid #eee;font-weight:bold;"">Operating System</td><td style=""padding:10px 15px;border-bottom:1px solid #eee;"">Windows 11 Pro (Fresh Install)</td></tr>
<tr style=""background:#f8f8fc;""><td style=""padding:10px 15px;border-bottom:1px solid #eee;font-weight:bold;"">Connectivity</td><td style=""padding:10px 15px;border-bottom:1px solid #eee;"">Wi-Fi 6 (802.11ax) &bull; Bluetooth &bull; Webcam &bull; Fingerprint Reader &bull; Backlit Keyboard</td></tr>
</table>
<div style=""margin-top:20px;padding:15px;background:#f0fdf4;border-left:4px solid #22c55e;border-radius:0 4px 4px 0;"">
<h2 style=""margin:0 0 10px;font-size:16px;color:#16a34a;"">&check; Condition Report</h2>
<table style=""width:100%;font-size:14px;"">
<tr><td style=""padding:4px 0;""><strong>Screen:</strong></td><td>Excellent</td></tr>
<tr><td style=""padding:4px 0;""><strong>Chassis:</strong></td><td>Good — minor wear</td></tr>
<tr><td style=""padding:4px 0;""><strong>Battery Health:</strong></td><td>89%</td></tr>
<tr><td style=""padding:4px 0;""><strong>SMART Status:</strong></td><td>PASSED</td></tr>
</table>
</div>
<div style=""margin-top:15px;padding:15px;background:#f8f8fc;border-radius:4px;"">
<h2 style=""margin:0 0 8px;font-size:16px;"">&boxbox; What's Included</h2>
<ul style=""margin:0;padding-left:20px;font-size:14px;"">
<li>Dell Vostro 7620 Laptop</li>
<li>Charger: Yes — OEM charger included</li>
<li>Fresh Windows 11 Pro installation (no bloatware)</li>
</ul>
</div>
<div style=""margin-top:15px;padding:12px;background:#1a1a2e;color:#a0a0c0;border-radius:0 0 8px 8px;text-align:center;font-size:12px;"">
Professionally audited, securely wiped, and restored. Ships within 1 business day.
</div>
</div>",Dell,Notebook/Laptop,Dell Vostro 7620,12th Gen Intel(R) Core(TM) i7-12700H,15 GB,512 GB,NVMe,15.9 in,1920x1200,NVIDIA Corporation GA107M [GeForce RTX 3050 Ti Mobile] (rev a1),Gray,Windows 11 Pro,Backlit Keyboard|Fingerprint Reader|Built-in Webcam|Bluetooth,Wi-Fi 6 (802.11ax),DDR5,343GCS3
Draft,177,"Dell Vostro 7620 15.9"" i7-12700H 15GB RAM 512GB SSD RTX 3050 Ti",3000,"Screen in excellent condition — no dead pixels or blemishes. Minor scuffs on chassis — normal use. Battery health: 69%. Includes OEM charger. Fresh Windows 11 Pro installation — no bloatware, ready to use.",450.99,1,FixedPrice,GTC,"<div style=""max-width:800px;margin:0 auto;font-family:Arial,Helvetica,sans-serif;color:#333;"">
<div style=""background:#1a1a2e;color:white;padding:20px;border-radius:8px 8px 0 0;text-align:center;"">
<h1 style=""margin:0;font-size:22px;"">Dell Vostro 7620</h1>
<p style=""margin:5px 0 0;color:#a0a0c0;font-size:14px;"">Professionally Audited &amp; Restored</p>
</div>
<table style=""width:100%;border-collapse:collapse;margin:0;"">
<tr style=""background:#f8f8fc;""><td style=""padding:10px 15px;border-bottom:1px solid #eee;font-weight:bold;width:40%;"">Processor</td><td style=""padding:10px 15px;border-bottom:1px solid #eee;"">12th Gen Intel(R) Core(TM) i7-12700H</td></tr>
<tr><td style=""padding:10px 15px;border-bottom:1px solid #eee;font-weight:bold;"">RAM</td><td style=""padding:10px 15px;border-bottom:1px solid #eee;"">15 GB DDR5</td></tr>
<tr style=""background:#f8f8fc;""><td style=""padding:10px 15px;border-bottom:1px solid #eee;font-weight:bold;"">Storage</td><td style=""padding:10px 15px;border-bottom:1px solid #eee;"">512 GB NVMe</td></tr>
<tr><td style=""padding:10px 15px;border-bottom:1px solid #eee;font-weight:bold;"">Graphics</td><td style=""padding:10px 15px;border-bottom:1px solid #eee;"">NVIDIA Corporation GA107M [GeForce RTX 3050 Ti Mobile] (rev a1)</td></tr>
<tr style=""background:#f8f8fc;""><td style=""padding:10px 15px;border-bottom:1px solid #eee;font-weight:bold;"">Display</td><td style=""padding:10px 15px;border-bottom:1px solid #eee;"">15.9"" 1920x1200</td></tr>
<tr><td style=""padding:10px 15px;border-bottom:1px solid #eee;font-weight:bold;"">Operating System</td><td style=""padding:10px 15px;border-bottom:1px solid #eee;"">Windows 11 Pro (Fresh Install)</td></tr>
<tr style=""background:#f8f8fc;""><td style=""padding:10px 15px;border-bottom:1px solid #eee;font-weight:bold;"">Connectivity</td><td style=""padding:10px 15px;border-bottom:1px solid #eee;"">Wi-Fi 6 (802.11ax) &bull; Bluetooth &bull; Webcam &bull; Fingerprint Reader &bull; Backlit Keyboard</td></tr>
</table>
<div style=""margin-top:20px;padding:15px;background:#f0fdf4;border-left:4px solid #22c55e;border-radius:0 4px 4px 0;"">
<h2 style=""margin:0 0 10px;font-size:16px;color:#16a34a;"">&check; Condition Report</h2>
<table style=""width:100%;font-size:14px;"">
<tr><td style=""padding:4px 0;""><strong>Screen:</strong></td><td>Excellent</td></tr>
<tr><td style=""padding:4px 0;""><strong>Chassis:</strong></td><td>Good — minor wear</td></tr>
<tr><td style=""padding:4px 0;""><strong>Battery Health:</strong></td><td>69%</td></tr>
<tr><td style=""padding:4px 0;""><strong>SMART Status:</strong></td><td>PASSED</td></tr>
</table>
</div>
<div style=""margin-top:15px;padding:15px;background:#f8f8fc;border-radius:4px;"">
<h2 style=""margin:0 0 8px;font-size:16px;"">&boxbox; What's Included</h2>
<ul style=""margin:0;padding-left:20px;font-size:14px;"">
<li>Dell Vostro 7620 Laptop</li>
<li>Charger: Yes — OEM charger included</li>
<li>Fresh Windows 11 Pro installation (no bloatware)</li>
</ul>
</div>
<div style=""margin-top:15px;padding:12px;background:#1a1a2e;color:#a0a0c0;border-radius:0 0 8px 8px;text-align:center;font-size:12px;"">
Professionally audited, securely wiped, and restored. Ships within 1 business day.
</div>
</div>",Dell,Notebook/Laptop,Dell Vostro 7620,12th Gen Intel(R) Core(TM) i7-12700H,15 GB,512 GB,NVMe,15.9 in,1920x1200,NVIDIA Corporation GA107M [GeForce RTX 3050 Ti Mobile] (rev a1),Gray,Windows 11 Pro,Backlit Keyboard|Fingerprint Reader|Built-in Webcam|Bluetooth,Wi-Fi 6 (802.11ax),DDR5,977F9S3
Draft,177,"Dell Vostro 7620 15.9"" i7-12700H 15GB RAM 512GB SSD RTX 3050 Ti",3000,"Screen in excellent condition — no dead pixels or blemishes. Minor scuffs on chassis — normal use. Battery health: 91%. Includes OEM charger. Fresh Windows 11 Pro installation — no bloatware, ready to use.",470.99,1,FixedPrice,GTC,"<div style=""max-width:800px;margin:0 auto;font-family:Arial,Helvetica,sans-serif;color:#333;"">
<div style=""background:#1a1a2e;color:white;padding:20px;border-radius:8px 8px 0 0;text-align:center;"">
<h1 style=""margin:0;font-size:22px;"">Dell Vostro 7620</h1>
<p style=""margin:5px 0 0;color:#a0a0c0;font-size:14px;"">Professionally Audited &amp; Restored</p>
</div>
<table style=""width:100%;border-collapse:collapse;margin:0;"">
<tr style=""background:#f8f8fc;""><td style=""padding:10px 15px;border-bottom:1px solid #eee;font-weight:bold;width:40%;"">Processor</td><td style=""padding:10px 15px;border-bottom:1px solid #eee;"">12th Gen Intel(R) Core(TM) i7-12700H</td></tr>
<tr><td style=""padding:10px 15px;border-bottom:1px solid #eee;font-weight:bold;"">RAM</td><td style=""padding:10px 15px;border-bottom:1px solid #eee;"">15 GB DDR5</td></tr>
<tr style=""background:#f8f8fc;""><td style=""padding:10px 15px;border-bottom:1px solid #eee;font-weight:bold;"">Storage</td><td style=""padding:10px 15px;border-bottom:1px solid #eee;"">512 GB NVMe</td></tr>
<tr><td style=""padding:10px 15px;border-bottom:1px solid #eee;font-weight:bold;"">Graphics</td><td style=""padding:10px 15px;border-bottom:1px solid #eee;"">NVIDIA Corporation GA107M [GeForce RTX 3050 Ti Mobile] (rev a1)</td></tr>
<tr style=""background:#f8f8fc;""><td style=""padding:10px 15px;border-bottom:1px solid #eee;font-weight:bold;"">Display</td><td style=""padding:10px 15px;border-bottom:1px solid #eee;"">15.9"" 1920x1200</td></tr>
<tr><td style=""padding:10px 15px;border-bottom:1px solid #eee;font-weight:bold;"">Operating System</td><td style=""padding:10px 15px;border-bottom:1px solid #eee;"">Windows 11 Pro (Fresh Install)</td></tr>
<tr style=""background:#f8f8fc;""><td style=""padding:10px 15px;border-bottom:1px solid #eee;font-weight:bold;"">Connectivity</td><td style=""padding:10px 15px;border-bottom:1px solid #eee;"">Wi-Fi 6 (802.11ax) &bull; Bluetooth &bull; Webcam &bull; Fingerprint Reader &bull; Backlit Keyboard</td></tr>
</table>
<div style=""margin-top:20px;padding:15px;background:#f0fdf4;border-left:4px solid #22c55e;border-radius:0 4px 4px 0;"">
<h2 style=""margin:0 0 10px;font-size:16px;color:#16a34a;"">&check; Condition Report</h2>
<table style=""width:100%;font-size:14px;"">
<tr><td style=""padding:4px 0;""><strong>Screen:</strong></td><td>Excellent</td></tr>
<tr><td style=""padding:4px 0;""><strong>Chassis:</strong></td><td>Good — minor wear</td></tr>
<tr><td style=""padding:4px 0;""><strong>Battery Health:</strong></td><td>91%</td></tr>
<tr><td style=""padding:4px 0;""><strong>SMART Status:</strong></td><td>PASSED</td></tr>
</table>
</div>
<div style=""margin-top:15px;padding:15px;background:#f8f8fc;border-radius:4px;"">
<h2 style=""margin:0 0 8px;font-size:16px;"">&boxbox; What's Included</h2>
<ul style=""margin:0;padding-left:20px;font-size:14px;"">
<li>Dell Vostro 7620 Laptop</li>
<li>Charger: Yes — OEM charger included</li>
<li>Fresh Windows 11 Pro installation (no bloatware)</li>
</ul>
</div>
<div style=""margin-top:15px;padding:12px;background:#1a1a2e;color:#a0a0c0;border-radius:0 0 8px 8px;text-align:center;font-size:12px;"">
Professionally audited, securely wiped, and restored. Ships within 1 business day.
</div>
</div>",Dell,Notebook/Laptop,Dell Vostro 7620,12th Gen Intel(R) Core(TM) i7-12700H,15 GB,512 GB,NVMe,15.9 in,1920x1200,NVIDIA Corporation GA107M [GeForce RTX 3050 Ti Mobile] (rev a1),Gray,Windows 11 Pro,Backlit Keyboard|Fingerprint Reader|Built-in Webcam|Bluetooth,Wi-Fi 6 (802.11ax),DDR5,8YR9LS3
Draft,177,"Dell Vostro 7620 15.9"" i7-12700H 15GB RAM 512GB SSD RTX 3050 Ti",3000,"Screen in excellent condition — no dead pixels or blemishes. Minor scuffs on chassis — normal use. Battery health: 100%. Includes OEM charger. Fresh Windows 11 Pro installation — no bloatware, ready to use.",470.99,1,FixedPrice,GTC,"<div style=""max-width:800px;margin:0 auto;font-family:Arial,Helvetica,sans-serif;color:#333;"">
<div style=""background:#1a1a2e;color:white;padding:20px;border-radius:8px 8px 0 0;text-align:center;"">
<h1 style=""margin:0;font-size:22px;"">Dell Vostro 7620</h1>
<p style=""margin:5px 0 0;color:#a0a0c0;font-size:14px;"">Professionally Audited &amp; Restored</p>
</div>
<table style=""width:100%;border-collapse:collapse;margin:0;"">
<tr style=""background:#f8f8fc;""><td style=""padding:10px 15px;border-bottom:1px solid #eee;font-weight:bold;width:40%;"">Processor</td><td style=""padding:10px 15px;border-bottom:1px solid #eee;"">12th Gen Intel(R) Core(TM) i7-12700H</td></tr>
<tr><td style=""padding:10px 15px;border-bottom:1px solid #eee;font-weight:bold;"">RAM</td><td style=""padding:10px 15px;border-bottom:1px solid #eee;"">15 GB DDR5</td></tr>
<tr style=""background:#f8f8fc;""><td style=""padding:10px 15px;border-bottom:1px solid #eee;font-weight:bold;"">Storage</td><td style=""padding:10px 15px;border-bottom:1px solid #eee;"">512 GB NVMe</td></tr>
<tr><td style=""padding:10px 15px;border-bottom:1px solid #eee;font-weight:bold;"">Graphics</td><td style=""padding:10px 15px;border-bottom:1px solid #eee;"">NVIDIA Corporation GA107M [GeForce RTX 3050 Ti Mobile] (rev a1)</td></tr>
<tr style=""background:#f8f8fc;""><td style=""padding:10px 15px;border-bottom:1px solid #eee;font-weight:bold;"">Display</td><td style=""padding:10px 15px;border-bottom:1px solid #eee;"">15.9"" 1920x1200</td></tr>
<tr><td style=""padding:10px 15px;border-bottom:1px solid #eee;font-weight:bold;"">Operating System</td><td style=""padding:10px 15px;border-bottom:1px solid #eee;"">Windows 11 Pro (Fresh Install)</td></tr>
<tr style=""background:#f8f8fc;""><td style=""padding:10px 15px;border-bottom:1px solid #eee;font-weight:bold;"">Connectivity</td><td style=""padding:10px 15px;border-bottom:1px solid #eee;"">Wi-Fi 6 (802.11ax) &bull; Bluetooth &bull; Webcam &bull; Fingerprint Reader &bull; Backlit Keyboard</td></tr>
</table>
<div style=""margin-top:20px;padding:15px;background:#f0fdf4;border-left:4px solid #22c55e;border-radius:0 4px 4px 0;"">
<h2 style=""margin:0 0 10px;font-size:16px;color:#16a34a;"">&check; Condition Report</h2>
<table style=""width:100%;font-size:14px;"">
<tr><td style=""padding:4px 0;""><strong>Screen:</strong></td><td>Excellent</td></tr>
<tr><td style=""padding:4px 0;""><strong>Chassis:</strong></td><td>Good — minor wear</td></tr>
<tr><td style=""padding:4px 0;""><strong>Battery Health:</strong></td><td>100%</td></tr>
<tr><td style=""padding:4px 0;""><strong>SMART Status:</strong></td><td>PASSED</td></tr>
</table>
</div>
<div style=""margin-top:15px;padding:15px;background:#f8f8fc;border-radius:4px;"">
<h2 style=""margin:0 0 8px;font-size:16px;"">&boxbox; What's Included</h2>
<ul style=""margin:0;padding-left:20px;font-size:14px;"">
<li>Dell Vostro 7620 Laptop</li>
<li>Charger: Yes — OEM charger included</li>
<li>Fresh Windows 11 Pro installation (no bloatware)</li>
</ul>
</div>
<div style=""margin-top:15px;padding:12px;background:#1a1a2e;color:#a0a0c0;border-radius:0 0 8px 8px;text-align:center;font-size:12px;"">
Professionally audited, securely wiped, and restored. Ships within 1 business day.
</div>
</div>",Dell,Notebook/Laptop,Dell Vostro 7620,12th Gen Intel(R) Core(TM) i7-12700H,15 GB,512 GB,NVMe,15.9 in,1920x1200,NVIDIA Corporation GA107M [GeForce RTX 3050 Ti Mobile] (rev a1),Gray,Windows 11 Pro,Backlit Keyboard|Fingerprint Reader|Built-in Webcam|Bluetooth,Wi-Fi 6 (802.11ax),DDR5,2ZR9LS3
